p;k;vertices;edges;avg_insert;avg_extract;avg_decrease;avg_insert_r;avg_extract_r;avg_decrease_r;avg_time(microseconds)
0.2;2;64;810.00;64.00;64.00;80.30;0.176042;0.643950;0.151714;55.83;
0.2;3;64;810.00;64.00;64.00;78.20;0.161154;0.669314;0.135294;53.10;
0.2;4;64;810.00;64.00;64.00;78.40;0.139844;0.723785;0.137365;55.30;
0.2;5;64;810.00;64.00;64.00;78.50;0.128212;0.699479;0.115801;56.13;
0.2;6;64;810.00;64.00;64.00;77.63;0.134722;0.701389;0.105359;50.17;
0.2;7;64;810.00;64.00;64.00;80.57;0.128646;0.788281;0.118481;52.20;
0.2;8;64;810.00;64.00;64.00;78.73;0.117708;0.788021;0.107434;53.03;
0.2;9;64;810.00;64.00;64.00;77.63;0.121615;0.773438;0.102041;52.47;
0.2;10;64;810.00;64.00;64.00;77.77;0.118229;0.759635;0.097001;52.67;
0.2;11;64;810.00;64.00;64.00;78.10;0.121615;0.739323;0.091947;52.70;
0.2;12;64;810.00;64.00;64.00;79.07;0.110937;0.748177;0.091199;54.00;
0.2;13;64;810.00;64.00;64.00;78.13;0.108854;0.734896;0.081032;56.00;
0.2;14;64;810.00;64.00;64.00;78.50;0.108073;0.735417;0.087777;59.20;
0.2;15;64;810.00;64.00;64.00;79.30;0.112240;0.717708;0.077934;53.83;
0.2;16;64;810.00;64.00;64.00;78.60;0.095833;0.724740;0.076223;57.23;
0.2;17;64;810.00;64.00;64.00;74.57;0.085156;0.731510;0.076744;53.07;
0.2;18;64;810.00;64.00;64.00;78.63;0.107813;0.718229;0.071182;57.70;
0.2;19;64;810.00;64.00;64.00;75.23;0.098177;0.707031;0.068000;56.27;
0.2;20;64;810.00;64.00;64.00;78.53;0.090104;0.712500;0.070670;54.33;
0.2;21;64;810.00;64.00;64.00;79.17;0.087500;0.713281;0.067645;51.73;
0.2;22;64;810.00;64.00;64.00;79.33;0.090104;0.712500;0.063909;57.47;
0.2;23;64;810.00;64.00;64.00;78.17;0.080729;0.710417;0.063549;48.43;
0.2;24;64;810.00;64.00;64.00;76.97;0.090885;0.703125;0.060706;57.87;
0.2;25;64;810.00;64.00;64.00;76.17;0.091146;0.705729;0.062426;59.87;
0.2;26;64;810.00;64.00;64.00;79.43;0.082812;0.710677;0.055944;61.13;
0.2;27;64;810.00;64.00;64.00;77.83;0.081510;0.722917;0.070775;60.53;
0.2;28;64;810.00;64.00;64.00;78.17;0.082031;0.714062;0.062280;63.10;
0.2;29;64;810.00;64.00;64.00;78.97;0.076823;0.722917;0.061391;60.83;
0.2;30;64;810.00;64.00;64.00;78.27;0.066667;0.714323;0.062661;63.57;
0.2;31;64;810.00;64.00;64.00;77.07;0.081250;0.719010;0.054713;49.90;
0.2;32;64;810.00;64.00;64.00;79.40;0.081771;0.723958;0.064406;57.87;
0.2;33;64;810.00;64.00;64.00;77.70;0.076302;0.729688;0.064466;57.40;
0.2;34;64;810.00;64.00;64.00;79.37;0.085677;0.734375;0.055736;49.73;
0.2;35;64;810.00;64.00;64.00;75.60;0.074479;0.727344;0.057074;55.20;
0.2;36;64;810.00;64.00;64.00;78.73;0.071354;0.747917;0.054346;59.37;
0.2;37;64;810.00;64.00;64.00;77.87;0.063281;0.743229;0.057026;48.97;
0.2;38;64;810.00;64.00;64.00;80.63;0.076823;0.751042;0.051414;56.30;
0.2;39;64;810.00;64.00;64.00;79.60;0.071094;0.757552;0.053940;65.67;
0.2;40;64;810.00;64.00;64.00;78.73;0.069010;0.767448;0.055506;56.67;
0.2;41;64;810.00;64.00;64.00;79.17;0.069271;0.778385;0.052463;58.93;
0.2;42;64;810.00;64.00;64.00;78.57;0.067448;0.785938;0.057449;57.37;
0.2;43;64;810.00;64.00;64.00;78.40;0.064844;0.803125;0.054796;62.13;
0.2;44;64;810.00;64.00;64.00;79.17;0.073177;0.811198;0.058039;62.03;
0.2;45;64;810.00;64.00;64.00;79.10;0.063542;0.833073;0.050517;63.27;
0.2;46;64;810.00;64.00;64.00;77.90;0.061458;0.843750;0.056630;62.90;
0.2;47;64;810.00;64.00;64.00;78.57;0.054948;0.855990;0.061466;62.17;
0.2;48;64;810.00;64.00;64.00;80.33;0.064323;0.853906;0.059858;63.93;
0.2;49;64;810.00;64.00;64.00;77.20;0.062240;0.879948;0.062282;50.83;
0.2;50;64;810.00;64.00;64.00;76.47;0.059375;0.884375;0.064542;49.60;
0.2;51;64;810.00;64.00;64.00;79.67;0.061979;0.871354;0.064073;61.73;
0.2;52;64;810.00;64.00;64.00;77.00;0.053646;0.881250;0.065797;55.67;
0.2;53;64;810.00;64.00;64.00;77.93;0.052604;0.891146;0.057499;49.50;
0.2;54;64;810.00;64.00;64.00;77.87;0.051562;0.885938;0.063299;57.60;
0.2;55;64;810.00;64.00;64.00;75.97;0.064583;0.881250;0.058075;51.57;
0.2;56;64;810.00;64.00;64.00;80.07;0.050000;0.893229;0.060280;56.13;
0.2;57;64;810.00;64.00;64.00;77.43;0.057292;0.886979;0.060733;56.83;
0.2;58;64;810.00;64.00;64.00;78.83;0.055729;0.877604;0.063257;61.87;
0.2;59;64;810.00;64.00;64.00;76.10;0.063021;0.881250;0.066828;61.47;
0.2;60;64;810.00;64.00;64.00;78.03;0.062500;0.889583;0.062036;62.80;
0.2;61;64;810.00;64.00;64.00;79.27;0.054167;0.871354;0.064423;54.00;
0.2;62;64;810.00;64.00;64.00;79.67;0.055729;0.887500;0.057043;62.73;
0.2;63;64;810.00;64.00;64.00;81.57;0.052604;0.883854;0.058863;57.77;
0.2;64;64;810.00;64.00;64.00;80.20;0.048438;0.881771;0.060456;57.77;
0.2;2;128;3268.00;128.00;128.00;228.40;0.157305;0.707757;0.112927;120.57;
0.2;3;128;3268.00;128.00;128.00;230.57;0.153919;0.732478;0.090192;138.57;
0.2;4;128;3268.00;128.00;128.00;231.67;0.136350;0.734505;0.080116;126.93;
0.2;5;128;3268.00;128.00;128.00;231.30;0.132899;0.794010;0.086073;142.20;
0.2;6;128;3268.00;128.00;128.00;229.93;0.121397;0.767057;0.068569;144.40;
0.2;7;128;3268.00;128.00;128.00;229.43;0.107595;0.754905;0.062169;139.80;
0.2;8;128;3268.00;128.00;128.00;230.40;0.110330;0.747613;0.058392;149.97;
0.2;9;128;3268.00;128.00;128.00;229.20;0.106467;0.767404;0.055895;226.77;
0.2;10;128;3268.00;128.00;128.00;229.43;0.104644;0.802778;0.059589;180.63;
0.2;11;128;3268.00;128.00;128.00;229.80;0.102344;0.843099;0.060440;203.47;
0.2;12;128;3268.00;128.00;128.00;230.67;0.102865;0.841016;0.055833;115.63;
0.2;13;128;3268.00;128.00;128.00;227.90;0.100521;0.831901;0.056663;137.23;
0.2;14;128;3268.00;128.00;128.00;232.23;0.092448;0.827214;0.051521;145.27;
0.2;15;128;3268.00;128.00;128.00;230.10;0.091406;0.824870;0.050564;145.87;
0.2;16;128;3268.00;128.00;128.00;231.83;0.081771;0.819531;0.046295;147.10;
0.2;17;128;3268.00;128.00;128.00;231.60;0.085938;0.816406;0.047214;136.07;
0.2;18;128;3268.00;128.00;128.00;230.00;0.078646;0.802604;0.042378;118.53;
0.2;19;128;3268.00;128.00;128.00;231.97;0.079557;0.806120;0.042800;154.33;
0.2;20;128;3268.00;128.00;128.00;232.17;0.073698;0.800260;0.039540;149.63;
0.2;21;128;3268.00;128.00;128.00;230.97;0.080208;0.797917;0.040685;150.73;
0.2;22;128;3268.00;128.00;128.00;232.13;0.066667;0.796615;0.038235;152.80;
0.2;23;128;3268.00;128.00;128.00;228.47;0.070052;0.787240;0.039197;152.40;
0.2;24;128;3268.00;128.00;128.00;229.33;0.070182;0.784115;0.036424;153.27;
0.2;25;128;3268.00;128.00;128.00;226.57;0.073437;0.779167;0.038035;157.03;
0.2;26;128;3268.00;128.00;128.00;229.50;0.068750;0.773958;0.036066;153.87;
0.2;27;128;3268.00;128.00;128.00;229.90;0.072005;0.771745;0.037956;153.23;
0.2;28;128;3268.00;128.00;128.00;228.73;0.067187;0.773438;0.033698;157.97;
0.2;29;128;3268.00;128.00;128.00;231.10;0.062630;0.772917;0.032622;158.77;
0.2;30;128;3268.00;128.00;128.00;231.73;0.063281;0.760417;0.032819;158.07;
0.2;31;128;3268.00;128.00;128.00;232.57;0.061458;0.772917;0.034233;171.17;
0.2;32;128;3268.00;128.00;128.00;232.87;0.060286;0.768880;0.033431;158.73;
0.2;33;128;3268.00;128.00;128.00;232.40;0.064974;0.769531;0.031255;159.87;
0.2;34;128;3268.00;128.00;128.00;228.53;0.064714;0.763932;0.029707;160.03;
0.2;35;128;3268.00;128.00;128.00;228.23;0.060677;0.762760;0.029708;160.17;
0.2;36;128;3268.00;128.00;128.00;228.50;0.061719;0.758464;0.027553;162.03;
0.2;37;128;3268.00;128.00;128.00;225.97;0.055469;0.757292;0.027396;160.03;
0.2;38;128;3268.00;128.00;128.00;228.57;0.061719;0.755990;0.027204;162.27;
0.2;39;128;3268.00;128.00;128.00;228.50;0.054948;0.759375;0.026171;160.47;
0.2;40;128;3268.00;128.00;128.00;229.90;0.056641;0.747786;0.027104;160.00;
0.2;41;128;3268.00;128.00;128.00;230.70;0.061849;0.756380;0.023507;160.97;
0.2;42;128;3268.00;128.00;128.00;228.90;0.062240;0.755078;0.029485;165.00;
0.2;43;128;3268.00;128.00;128.00;229.30;0.056510;0.754427;0.025529;161.10;
0.2;44;128;3268.00;128.00;128.00;228.67;0.056120;0.757031;0.026921;151.73;
0.2;45;128;3268.00;128.00;128.00;231.40;0.052474;0.748828;0.026687;169.70;
0.2;46;128;3268.00;128.00;128.00;226.90;0.058333;0.752995;0.023984;162.50;
0.2;47;128;3268.00;128.00;128.00;228.83;0.053646;0.754036;0.022914;163.20;
0.2;48;128;3268.00;128.00;128.00;229.37;0.054427;0.748568;0.024410;163.93;
0.2;49;128;3268.00;128.00;128.00;230.43;0.052083;0.747396;0.024791;169.50;
0.2;50;128;3268.00;128.00;128.00;232.40;0.057813;0.745052;0.024796;163.77;
0.2;51;128;3268.00;128.00;128.00;226.97;0.051432;0.750651;0.023752;162.33;
0.2;52;128;3268.00;128.00;128.00;228.10;0.053646;0.747266;0.021245;129.77;
0.2;53;128;3268.00;128.00;128.00;230.57;0.054036;0.755990;0.023703;148.70;
0.2;54;128;3268.00;128.00;128.00;233.07;0.048307;0.750781;0.023381;164.80;
0.2;55;128;3268.00;128.00;128.00;232.50;0.051562;0.750130;0.023952;156.70;
0.2;56;128;3268.00;128.00;128.00;230.80;0.048177;0.758333;0.020471;156.60;
0.2;57;128;3268.00;128.00;128.00;227.27;0.053125;0.761458;0.021403;160.50;
0.2;58;128;3268.00;128.00;128.00;231.70;0.050911;0.756380;0.020293;162.77;
0.2;59;128;3268.00;128.00;128.00;231.33;0.046745;0.758984;0.022297;159.13;
0.2;60;128;3268.00;128.00;128.00;230.53;0.051172;0.752083;0.023008;165.93;
0.2;61;128;3268.00;128.00;128.00;227.77;0.044661;0.759375;0.022495;151.63;
0.2;62;128;3268.00;128.00;128.00;230.70;0.050000;0.760417;0.022691;162.30;
0.2;63;128;3268.00;128.00;128.00;230.23;0.050651;0.759505;0.022019;153.80;
0.2;64;128;3268.00;128.00;128.00;230.40;0.046094;0.758464;0.022564;162.73;
0.2;2;256;13202.00;256.00;256.00;640.17;0.144664;0.752420;0.099900;366.70;
0.2;3;256;13202.00;256.00;256.00;640.50;0.135605;0.798850;0.087227;346.30;
0.2;4;256;13202.00;256.00;256.00;643.03;0.126790;0.811523;0.074635;356.23;
0.2;5;256;13202.00;256.00;256.00;636.90;0.114139;0.776345;0.061815;360.57;
0.2;6;256;13202.00;256.00;256.00;646.03;0.109733;0.813021;0.058183;363.83;
0.2;7;256;13202.00;256.00;256.00;646.73;0.103581;0.823806;0.055886;379.80;
0.2;8;256;13202.00;256.00;256.00;639.83;0.092339;0.805338;0.049066;338.03;
0.2;9;256;13202.00;256.00;256.00;639.20;0.089670;0.790929;0.041664;360.87;
0.2;10;256;13202.00;256.00;256.00;643.63;0.089931;0.787370;0.039833;361.90;
0.2;11;256;13202.00;256.00;256.00;640.17;0.086849;0.784397;0.036804;384.43;
0.2;12;256;13202.00;256.00;256.00;650.73;0.086914;0.791515;0.034965;340.47;
0.2;13;256;13202.00;256.00;256.00;643.90;0.082964;0.802626;0.034267;369.53;
0.2;14;256;13202.00;256.00;256.00;641.43;0.076042;0.828646;0.033595;372.10;
0.2;15;256;13202.00;256.00;256.00;645.73;0.079666;0.864258;0.035486;393.93;
0.2;16;256;13202.00;256.00;256.00;642.03;0.075586;0.878711;0.036027;389.27;
0.2;17;256;13202.00;256.00;256.00;641.87;0.072656;0.875195;0.034582;343.53;
0.2;18;256;13202.00;256.00;256.00;642.67;0.074870;0.873372;0.032542;391.30;
0.2;19;256;13202.00;256.00;256.00;643.47;0.072591;0.869271;0.031260;345.03;
0.2;20;256;13202.00;256.00;256.00;643.53;0.071680;0.870247;0.030579;347.67;
0.2;21;256;13202.00;256.00;256.00;640.70;0.067969;0.861914;0.029208;348.17;
0.2;22;256;13202.00;256.00;256.00;642.33;0.065495;0.862109;0.028087;350.97;
0.2;23;256;13202.00;256.00;256.00;649.30;0.065039;0.857227;0.027069;353.87;
0.2;24;256;13202.00;256.00;256.00;641.30;0.062826;0.855599;0.025148;365.60;
0.2;25;256;13202.00;256.00;256.00;647.90;0.060872;0.857161;0.024707;377.20;
0.2;26;256;13202.00;256.00;256.00;637.53;0.059180;0.854362;0.024263;363.53;
0.2;27;256;13202.00;256.00;256.00;643.33;0.059831;0.851042;0.024881;364.63;
0.2;28;256;13202.00;256.00;256.00;645.33;0.057552;0.849154;0.022689;366.87;
0.2;29;256;13202.00;256.00;256.00;635.10;0.058984;0.842708;0.022565;372.40;
0.2;30;256;13202.00;256.00;256.00;643.73;0.052930;0.841862;0.021954;374.37;
0.2;31;256;13202.00;256.00;256.00;639.37;0.054297;0.840820;0.022345;367.03;
0.2;32;256;13202.00;256.00;256.00;639.57;0.056120;0.835352;0.020461;373.37;
0.2;33;256;13202.00;256.00;256.00;647.03;0.053971;0.837826;0.021455;371.10;
0.2;34;256;13202.00;256.00;256.00;638.80;0.050456;0.833333;0.020320;381.23;
0.2;35;256;13202.00;256.00;256.00;634.63;0.056250;0.827604;0.018851;372.70;
0.2;36;256;13202.00;256.00;256.00;636.47;0.050846;0.828320;0.019651;376.57;
0.2;37;256;13202.00;256.00;256.00;639.40;0.051953;0.824414;0.018226;375.17;
0.2;38;256;13202.00;256.00;256.00;642.20;0.049674;0.825326;0.017728;392.20;
0.2;39;256;13202.00;256.00;256.00;639.10;0.046029;0.819596;0.018956;385.87;
0.2;40;256;13202.00;256.00;256.00;639.97;0.048372;0.820638;0.018588;378.93;
0.2;41;256;13202.00;256.00;256.00;638.57;0.043750;0.812826;0.017529;385.20;
0.2;42;256;13202.00;256.00;256.00;647.50;0.045378;0.815300;0.017234;382.13;
0.2;43;256;13202.00;256.00;256.00;642.93;0.045378;0.813021;0.016822;386.37;
0.2;44;256;13202.00;256.00;256.00;647.60;0.047656;0.809505;0.016636;389.80;
0.2;45;256;13202.00;256.00;256.00;645.73;0.047070;0.810026;0.015908;485.23;
0.2;46;256;13202.00;256.00;256.00;635.07;0.048893;0.807487;0.016035;388.30;
0.2;47;256;13202.00;256.00;256.00;640.07;0.044661;0.807227;0.015012;399.13;
0.2;48;256;13202.00;256.00;256.00;643.20;0.042057;0.806771;0.015867;387.50;
0.2;49;256;13202.00;256.00;256.00;645.83;0.042188;0.802930;0.015237;396.93;
0.2;50;256;13202.00;256.00;256.00;640.80;0.041797;0.800391;0.014481;394.03;
0.2;51;256;13202.00;256.00;256.00;636.03;0.042578;0.800586;0.015343;396.13;
0.2;52;256;13202.00;256.00;256.00;636.37;0.044010;0.801302;0.013229;396.97;
0.2;53;256;13202.00;256.00;256.00;638.17;0.043880;0.799479;0.014392;392.37;
0.2;54;256;13202.00;256.00;256.00;638.40;0.037826;0.799870;0.015249;401.87;
0.2;55;256;13202.00;256.00;256.00;644.77;0.040104;0.797852;0.014048;397.27;
0.2;56;256;13202.00;256.00;256.00;644.63;0.040104;0.795247;0.014019;398.53;
0.2;57;256;13202.00;256.00;256.00;640.20;0.041927;0.786979;0.012944;395.80;
0.2;58;256;13202.00;256.00;256.00;648.23;0.038281;0.794076;0.013543;397.03;
0.2;59;256;13202.00;256.00;256.00;639.70;0.039779;0.794596;0.012788;401.27;
0.2;60;256;13202.00;256.00;256.00;647.00;0.039844;0.785937;0.012706;409.07;
0.2;61;256;13202.00;256.00;256.00;637.13;0.036914;0.788997;0.014105;400.50;
0.2;62;256;13202.00;256.00;256.00;639.83;0.036719;0.788411;0.013148;408.97;
0.2;63;256;13202.00;256.00;256.00;644.63;0.036198;0.784505;0.013555;427.87;
0.2;64;256;13202.00;256.00;256.00;639.13;0.037305;0.787305;0.012003;473.60;
0.2;2;512;52547.00;512.00;512.00;1637.80;0.131159;0.787146;0.090413;1009.00;
0.2;3;512;52547.00;512.00;512.00;1649.97;0.119895;0.802527;0.073489;968.10;
0.2;4;512;52547.00;512.00;512.00;1647.47;0.110395;0.803406;0.062641;952.17;
0.2;5;512;52547.00;512.00;512.00;1643.57;0.103857;0.832259;0.061005;946.87;
0.2;6;512;52547.00;512.00;512.00;1641.00;0.096549;0.802458;0.051847;961.90;
0.2;7;512;52547.00;512.00;512.00;1652.83;0.092887;0.811350;0.044859;943.03;
0.2;8;512;52547.00;512.00;512.00;1649.17;0.088238;0.857628;0.049072;945.17;
0.2;9;512;52547.00;512.00;512.00;1657.17;0.084277;0.843435;0.044124;954.27;
0.2;10;512;52547.00;512.00;512.00;1654.93;0.080349;0.834657;0.040354;957.97;
0.2;11;512;52547.00;512.00;512.00;1645.50;0.077865;0.820801;0.037347;953.27;
0.2;12;512;52547.00;512.00;512.00;1642.77;0.072613;0.811675;0.034226;960.13;
0.2;13;512;52547.00;512.00;512.00;1642.80;0.073090;0.805469;0.031798;954.23;
0.2;14;512;52547.00;512.00;512.00;1654.57;0.070562;0.804481;0.030219;957.73;
0.2;15;512;52547.00;512.00;512.00;1640.40;0.068490;0.800195;0.028575;961.30;
0.2;16;512;52547.00;512.00;512.00;1656.60;0.067828;0.801638;0.026380;962.80;
0.2;17;512;52547.00;512.00;512.00;1644.93;0.067198;0.802724;0.025344;967.20;
0.2;18;512;52547.00;512.00;512.00;1639.13;0.064388;0.812392;0.024811;967.30;
0.2;19;512;52547.00;512.00;512.00;1641.00;0.062988;0.822624;0.024423;968.83;
0.2;20;512;52547.00;512.00;512.00;1642.70;0.062901;0.837381;0.023385;986.57;
0.2;21;512;52547.00;512.00;512.00;1653.73;0.063043;0.861306;0.023984;981.40;
0.2;22;512;52547.00;512.00;512.00;1637.17;0.060569;0.892567;0.026959;980.57;
0.2;23;512;52547.00;512.00;512.00;1640.70;0.062077;0.893490;0.026094;993.83;
0.2;24;512;52547.00;512.00;512.00;1656.60;0.057943;0.889844;0.026388;990.20;
0.2;25;512;52547.00;512.00;512.00;1647.47;0.059570;0.888119;0.024824;994.63;
0.2;26;512;52547.00;512.00;512.00;1648.57;0.054720;0.887728;0.024426;1000.60;
0.2;27;512;52547.00;512.00;512.00;1642.17;0.055827;0.884277;0.023566;1000.63;
0.2;28;512;52547.00;512.00;512.00;1636.40;0.055339;0.882650;0.022795;1006.17;
0.2;29;512;52547.00;512.00;512.00;1658.43;0.055208;0.883398;0.022063;1011.83;
0.2;30;512;52547.00;512.00;512.00;1646.37;0.049902;0.881217;0.022263;1019.53;
0.2;31;512;52547.00;512.00;512.00;1639.70;0.050033;0.876009;0.020377;1020.53;
0.2;32;512;52547.00;512.00;512.00;1656.23;0.052214;0.877930;0.020166;1028.57;
0.2;33;512;52547.00;512.00;512.00;1645.13;0.050293;0.874870;0.019782;1028.37;
0.2;34;512;52547.00;512.00;512.00;1640.83;0.049186;0.872038;0.020184;1030.57;
0.2;35;512;52547.00;512.00;512.00;1645.80;0.046191;0.871615;0.019184;1035.10;
0.2;36;512;52547.00;512.00;512.00;1645.73;0.046680;0.871289;0.018196;1048.27;
0.2;37;512;52547.00;512.00;512.00;1645.63;0.045996;0.868620;0.018035;1044.23;
0.2;38;512;52547.00;512.00;512.00;1636.60;0.046257;0.868587;0.017846;1045.90;
0.2;39;512;52547.00;512.00;512.00;1646.53;0.044108;0.863704;0.017417;1049.27;
0.2;40;512;52547.00;512.00;512.00;1658.33;0.043555;0.861784;0.017331;1051.77;
0.2;41;512;52547.00;512.00;512.00;1639.97;0.043815;0.862956;0.016387;1054.40;
0.2;42;512;52547.00;512.00;512.00;1649.73;0.043457;0.862305;0.016833;1062.70;
0.2;43;512;52547.00;512.00;512.00;1643.30;0.042936;0.853906;0.016646;1067.73;
0.2;44;512;52547.00;512.00;512.00;1644.47;0.043001;0.853581;0.016101;1073.77;
0.2;45;512;52547.00;512.00;512.00;1651.17;0.040527;0.856576;0.016296;1076.70;
0.2;46;512;52547.00;512.00;512.00;1645.50;0.039844;0.855664;0.015253;1073.43;
0.2;47;512;52547.00;512.00;512.00;1645.07;0.041341;0.854134;0.015526;1089.00;
0.2;48;512;52547.00;512.00;512.00;1649.30;0.041081;0.851204;0.014906;1077.37;
0.2;49;512;52547.00;512.00;512.00;1644.30;0.038932;0.849023;0.015122;1085.10;
0.2;50;512;52547.00;512.00;512.00;1643.43;0.038737;0.848307;0.014469;1087.53;
0.2;51;512;52547.00;512.00;512.00;1652.27;0.040007;0.848144;0.014609;1083.00;
0.2;52;512;52547.00;512.00;512.00;1642.57;0.038965;0.846094;0.014192;1106.03;
0.2;53;512;52547.00;512.00;512.00;1641.63;0.036133;0.844661;0.014149;1088.27;
0.2;54;512;52547.00;512.00;512.00;1639.97;0.036523;0.843815;0.013642;1092.90;
0.2;55;512;52547.00;512.00;512.00;1656.57;0.036654;0.847103;0.013777;1094.33;
0.2;56;512;52547.00;512.00;512.00;1636.23;0.037337;0.841048;0.013509;1096.27;
0.2;57;512;52547.00;512.00;512.00;1645.70;0.036035;0.839876;0.013728;1099.27;
0.2;58;512;52547.00;512.00;512.00;1653.17;0.036784;0.838021;0.013261;1102.33;
0.2;59;512;52547.00;512.00;512.00;1653.20;0.035189;0.837695;0.013429;1111.23;
0.2;60;512;52547.00;512.00;512.00;1638.47;0.034538;0.837825;0.013114;1108.33;
0.2;61;512;52547.00;512.00;512.00;1640.80;0.033594;0.836556;0.012661;1111.07;
0.2;62;512;52547.00;512.00;512.00;1650.90;0.033919;0.832357;0.012519;1114.27;
0.2;63;512;52547.00;512.00;512.00;1648.00;0.034342;0.831641;0.012546;1115.97;
0.2;64;512;52547.00;512.00;512.00;1646.67;0.035189;0.828906;0.012063;1117.30;
0.2;2;1024;209602.00;1024.00;1024.00;3992.13;0.120501;0.809674;0.084061;3053.33;
0.2;3;1024;209602.00;1024.00;1024.00;3992.53;0.106809;0.820666;0.067373;2950.67;
0.2;4;1024;209602.00;1024.00;1024.00;3995.33;0.101635;0.846697;0.064163;2920.83;
0.2;5;1024;209602.00;1024.00;1024.00;3985.07;0.093844;0.813663;0.051455;2908.43;
0.2;6;1024;209602.00;1024.00;1024.00;3972.63;0.087560;0.842494;0.051421;2902.77;
0.2;7;1024;209602.00;1024.00;1024.00;3982.57;0.081179;0.816835;0.044640;2895.03;
0.2;8;1024;209602.00;1024.00;1024.00;3997.03;0.078757;0.806999;0.039869;2897.07;
0.2;9;1024;209602.00;1024.00;1024.00;3973.90;0.076595;0.812497;0.036520;2899.13;
0.2;10;1024;209602.00;1024.00;1024.00;3990.77;0.076617;0.862538;0.040937;2912.83;
0.2;11;1024;209602.00;1024.00;1024.00;3978.17;0.071332;0.851617;0.037152;2904.93;
0.2;12;1024;209602.00;1024.00;1024.00;3990.13;0.068094;0.841645;0.034418;2909.87;
0.2;13;1024;209602.00;1024.00;1024.00;3980.70;0.065630;0.835021;0.032066;2918.07;
0.2;14;1024;209602.00;1024.00;1024.00;3987.93;0.063949;0.823660;0.030028;2930.87;
0.2;15;1024;209602.00;1024.00;1024.00;3972.67;0.061702;0.817090;0.028461;2930.77;
0.2;16;1024;209602.00;1024.00;1024.00;3981.33;0.058919;0.809418;0.026499;2937.50;
0.2;17;1024;209602.00;1024.00;1024.00;3983.03;0.056619;0.803581;0.025773;2950.60;
0.2;18;1024;209602.00;1024.00;1024.00;3988.87;0.057340;0.794054;0.024410;2949.70;
0.2;19;1024;209602.00;1024.00;1024.00;3991.50;0.056033;0.793842;0.022892;2955.73;
0.2;20;1024;209602.00;1024.00;1024.00;3973.13;0.054514;0.790262;0.022108;2958.70;
0.2;21;1024;209602.00;1024.00;1024.00;3976.43;0.053277;0.787066;0.020540;2970.07;
0.2;22;1024;209602.00;1024.00;1024.00;3992.63;0.052062;0.784955;0.020321;2973.10;
0.2;23;1024;209602.00;1024.00;1024.00;4001.97;0.050477;0.788699;0.019339;2980.53;
0.2;24;1024;209602.00;1024.00;1024.00;3990.67;0.050054;0.789079;0.018570;2983.03;
0.2;25;1024;209602.00;1024.00;1024.00;3976.53;0.050130;0.792931;0.018443;2988.90;
0.2;26;1024;209602.00;1024.00;1024.00;4000.70;0.049973;0.796349;0.017583;2990.83;
0.2;27;1024;209602.00;1024.00;1024.00;3964.87;0.050000;0.806114;0.017237;3000.10;
0.2;28;1024;209602.00;1024.00;1024.00;3985.03;0.049897;0.815332;0.017206;3008.97;
0.2;29;1024;209602.00;1024.00;1024.00;3977.63;0.048324;0.828461;0.016900;3005.03;
0.2;30;1024;209602.00;1024.00;1024.00;3998.63;0.048275;0.843864;0.016640;3028.37;
0.2;31;1024;209602.00;1024.00;1024.00;3993.40;0.048155;0.854161;0.017843;3026.77;
0.2;32;1024;209602.00;1024.00;1024.00;3985.27;0.046761;0.875000;0.019347;3043.73;
0.2;33;1024;209602.00;1024.00;1024.00;3979.17;0.045638;0.873144;0.019035;3044.07;
0.2;34;1024;209602.00;1024.00;1024.00;3970.43;0.047347;0.874170;0.018779;3055.80;
0.2;35;1024;209602.00;1024.00;1024.00;3993.73;0.044727;0.872868;0.018329;3066.80;
0.2;36;1024;209602.00;1024.00;1024.00;3992.37;0.044515;0.871452;0.018073;3077.60;
0.2;37;1024;209602.00;1024.00;1024.00;3975.07;0.042773;0.868603;0.017459;3082.60;
0.2;38;1024;209602.00;1024.00;1024.00;3976.90;0.042464;0.866992;0.017309;3087.37;
0.2;39;1024;209602.00;1024.00;1024.00;3978.53;0.041585;0.866699;0.016935;3097.60;
0.2;40;1024;209602.00;1024.00;1024.00;3995.67;0.040495;0.866227;0.016701;3115.07;
0.2;41;1024;209602.00;1024.00;1024.00;3981.60;0.039844;0.864095;0.015805;3107.60;
0.2;42;1024;209602.00;1024.00;1024.00;3968.00;0.040495;0.863558;0.015881;3116.20;
0.2;43;1024;209602.00;1024.00;1024.00;3989.17;0.040023;0.860075;0.015502;3123.97;
0.2;44;1024;209602.00;1024.00;1024.00;3987.73;0.038802;0.862793;0.015523;3141.33;
0.2;45;1024;209602.00;1024.00;1024.00;3986.70;0.037891;0.860010;0.015138;3155.80;
0.2;46;1024;209602.00;1024.00;1024.00;3992.87;0.037907;0.861898;0.015455;3167.97;
0.2;47;1024;209602.00;1024.00;1024.00;3975.97;0.037826;0.856982;0.014734;3150.03;
0.2;48;1024;209602.00;1024.00;1024.00;4007.77;0.037305;0.857813;0.014992;3167.57;
0.2;49;1024;209602.00;1024.00;1024.00;3969.73;0.036263;0.858301;0.014503;3168.63;
0.2;50;1024;209602.00;1024.00;1024.00;3986.63;0.034554;0.857975;0.014246;3175.90;
0.2;51;1024;209602.00;1024.00;1024.00;3980.53;0.034717;0.856738;0.013899;3188.10;
0.2;52;1024;209602.00;1024.00;1024.00;3986.57;0.033919;0.854102;0.013929;3193.93;
0.2;53;1024;209602.00;1024.00;1024.00;3979.27;0.033415;0.855387;0.013202;3198.93;
0.2;54;1024;209602.00;1024.00;1024.00;3992.73;0.033757;0.850293;0.013784;3205.30;
0.2;55;1024;209602.00;1024.00;1024.00;3985.93;0.033903;0.853223;0.014127;3213.00;
0.2;56;1024;209602.00;1024.00;1024.00;3971.30;0.032454;0.851058;0.013491;3216.57;
0.2;57;1024;209602.00;1024.00;1024.00;3992.03;0.032194;0.851237;0.013366;3233.67;
0.2;58;1024;209602.00;1024.00;1024.00;3976.07;0.033577;0.849984;0.012819;3236.70;
0.2;59;1024;209602.00;1024.00;1024.00;3986.40;0.031738;0.849919;0.012834;3246.93;
0.2;60;1024;209602.00;1024.00;1024.00;3978.17;0.032406;0.843734;0.012395;3247.40;
0.2;61;1024;209602.00;1024.00;1024.00;3991.90;0.030062;0.847786;0.012845;3256.80;
0.2;62;1024;209602.00;1024.00;1024.00;3973.60;0.030094;0.845573;0.012336;3258.07;
0.2;63;1024;209602.00;1024.00;1024.00;3960.10;0.031331;0.843180;0.012373;3264.97;
0.2;64;1024;209602.00;1024.00;1024.00;3994.83;0.030566;0.844531;0.012455;3275.93;
0.2;2;2048;838614.00;2048.00;2048.00;9423.43;0.109644;0.819802;0.080892;9165.23;
0.2;3;2048;838614.00;2048.00;2048.00;9403.70;0.098301;0.834387;0.069443;9801.03;
0.2;4;2048;838614.00;2048.00;2048.00;9398.80;0.089839;0.806833;0.058771;10258.37;
0.2;5;2048;838614.00;2048.00;2048.00;9419.17;0.083755;0.813367;0.054934;9929.47;
0.2;6;2048;838614.00;2048.00;2048.00;9412.53;0.079376;0.787457;0.047230;9656.47;
0.2;7;2048;838614.00;2048.00;2048.00;9434.97;0.075958;0.820497;0.049454;8852.77;
0.2;8;2048;838614.00;2048.00;2048.00;9430.77;0.069938;0.797535;0.043532;10288.57;
0.2;9;2048;838614.00;2048.00;2048.00;9401.73;0.068541;0.777243;0.039088;9669.00;
0.2;10;2048;838614.00;2048.00;2048.00;9412.87;0.065488;0.764601;0.035902;9664.13;
0.2;11;2048;838614.00;2048.00;2048.00;9387.33;0.063867;0.761934;0.033699;9675.83;
0.2;12;2048;838614.00;2048.00;2048.00;9426.60;0.064517;0.784165;0.033012;9713.97;
0.2;13;2048;838614.00;2048.00;2048.00;9409.13;0.062703;0.809098;0.036686;9685.83;
0.2;14;2048;838614.00;2048.00;2048.00;9416.53;0.057967;0.804120;0.034579;8855.70;
0.2;15;2048;838614.00;2048.00;2048.00;9413.20;0.056586;0.800662;0.033086;8883.60;
0.2;16;2048;838614.00;2048.00;2048.00;9415.30;0.055149;0.795098;0.031437;8899.90;
0.2;17;2048;838614.00;2048.00;2048.00;9428.00;0.052260;0.789472;0.030243;8929.80;
0.2;18;2048;838614.00;2048.00;2048.00;9408.23;0.051739;0.782281;0.028684;8942.83;
0.2;19;2048;838614.00;2048.00;2048.00;9414.53;0.050220;0.776514;0.027906;8970.33;
0.2;20;2048;838614.00;2048.00;2048.00;9386.60;0.047835;0.772293;0.026909;8985.50;
0.2;21;2048;838614.00;2048.00;2048.00;9384.97;0.048218;0.768310;0.025850;8979.07;
0.2;22;2048;838614.00;2048.00;2048.00;9394.53;0.046289;0.761133;0.024717;9041.50;
0.2;23;2048;838614.00;2048.00;2048.00;9403.53;0.045679;0.758336;0.023840;9026.23;
0.2;24;2048;838614.00;2048.00;2048.00;9406.00;0.043612;0.752680;0.023168;9886.77;
0.2;25;2048;838614.00;2048.00;2048.00;9431.13;0.043894;0.747933;0.022416;9903.57;
0.2;26;2048;838614.00;2048.00;2048.00;9429.33;0.044032;0.743858;0.021605;9441.13;
0.2;27;2048;838614.00;2048.00;2048.00;9435.87;0.042825;0.739404;0.020900;9975.20;
0.2;28;2048;838614.00;2048.00;2048.00;9405.43;0.041490;0.735338;0.020656;9992.23;
0.2;29;2048;838614.00;2048.00;2048.00;9400.90;0.042103;0.734912;0.019918;9935.57;
0.2;30;2048;838614.00;2048.00;2048.00;9400.60;0.040997;0.729831;0.019725;10020.67;
0.2;31;2048;838614.00;2048.00;2048.00;9400.10;0.039985;0.728979;0.019008;9955.60;
0.2;32;2048;838614.00;2048.00;2048.00;9402.77;0.039214;0.726766;0.018524;9775.17;
0.2;33;2048;838614.00;2048.00;2048.00;9405.37;0.039095;0.725643;0.018083;9016.27;
0.2;34;2048;838614.00;2048.00;2048.00;9394.00;0.038363;0.726986;0.017758;10013.83;
0.2;35;2048;838614.00;2048.00;2048.00;9402.97;0.039016;0.726025;0.017647;9986.97;
0.2;36;2048;838614.00;2048.00;2048.00;9414.83;0.038365;0.726996;0.017271;9268.70;
0.2;37;2048;838614.00;2048.00;2048.00;9394.43;0.038561;0.730461;0.017329;9133.77;
0.2;38;2048;838614.00;2048.00;2048.00;9404.47;0.038235;0.733423;0.016872;10057.00;
0.2;39;2048;838614.00;2048.00;2048.00;9412.93;0.037454;0.740080;0.016773;10043.57;
0.2;40;2048;838614.00;2048.00;2048.00;9426.77;0.037977;0.745188;0.016555;9994.63;
0.2;41;2048;838614.00;2048.00;2048.00;9406.63;0.037221;0.752911;0.016625;9080.17;
0.2;42;2048;838614.00;2048.00;2048.00;9421.37;0.037354;0.763650;0.016778;10124.87;
0.2;43;2048;838614.00;2048.00;2048.00;9417.73;0.036559;0.772694;0.016934;10080.90;
0.2;44;2048;838614.00;2048.00;2048.00;9426.13;0.037047;0.785878;0.017517;9925.20;
0.2;45;2048;838614.00;2048.00;2048.00;9407.17;0.036898;0.802214;0.018838;9138.40;
0.2;46;2048;838614.00;2048.00;2048.00;9422.63;0.035384;0.800350;0.018349;9156.53;
0.2;47;2048;838614.00;2048.00;2048.00;9434.07;0.035620;0.800871;0.018650;10222.40;
0.2;48;2048;838614.00;2048.00;2048.00;9411.07;0.035368;0.799772;0.018157;10221.83;
0.2;49;2048;838614.00;2048.00;2048.00;9410.10;0.034627;0.797673;0.018091;10136.00;
0.2;50;2048;838614.00;2048.00;2048.00;9420.50;0.034180;0.798796;0.018123;10288.07;
0.2;51;2048;838614.00;2048.00;2048.00;9405.23;0.032625;0.798071;0.017682;10227.97;
0.2;52;2048;838614.00;2048.00;2048.00;9401.50;0.032674;0.796891;0.017605;9490.90;
0.2;53;2048;838614.00;2048.00;2048.00;9393.67;0.033407;0.798063;0.017497;10243.77;
0.2;54;2048;838614.00;2048.00;2048.00;9392.40;0.033341;0.794547;0.017450;10304.07;
0.2;55;2048;838614.00;2048.00;2048.00;9419.03;0.031323;0.795508;0.017160;10286.90;
0.2;56;2048;838614.00;2048.00;2048.00;9419.10;0.031942;0.794702;0.017075;10294.50;
0.2;57;2048;838614.00;2048.00;2048.00;9385.07;0.031014;0.795622;0.016935;9333.93;
0.2;58;2048;838614.00;2048.00;2048.00;9424.53;0.030615;0.797127;0.016599;9331.40;
0.2;59;2048;838614.00;2048.00;2048.00;9397.73;0.030021;0.795337;0.016587;9345.10;
0.2;60;2048;838614.00;2048.00;2048.00;9422.67;0.030623;0.795182;0.016512;9354.47;
0.2;61;2048;838614.00;2048.00;2048.00;9450.43;0.030192;0.795540;0.016315;9382.10;
0.2;62;2048;838614.00;2048.00;2048.00;9417.80;0.029907;0.793506;0.015940;9395.67;
0.2;63;2048;838614.00;2048.00;2048.00;9409.03;0.029972;0.793490;0.016094;9412.70;
0.2;64;2048;838614.00;2048.00;2048.00;9402.97;0.028638;0.793400;0.015859;10473.07;
0.2;2;4096;3354962.00;4096.00;4096.00;21829.50;0.099632;0.795613;0.089654;32011.37;
0.2;3;4096;3354962.00;4096.00;4096.00;21844.87;0.089500;0.773524;0.075603;32243.87;
0.2;4;4096;3354962.00;4096.00;4096.00;21817.70;0.083791;0.778802;0.073612;31292.70;
0.2;5;4096;3354962.00;4096.00;4096.00;21826.83;0.077114;0.729278;0.062237;32050.43;
0.2;6;4096;3354962.00;4096.00;4096.00;21830.73;0.072531;0.732015;0.059693;34453.90;
0.2;7;4096;3354962.00;4096.00;4096.00;21795.63;0.069686;0.697117;0.052341;31409.90;
0.2;8;4096;3354962.00;4096.00;4096.00;21827.20;0.067842;0.731495;0.058094;34396.07;
0.2;9;4096;3354962.00;4096.00;4096.00;21779.40;0.063842;0.721360;0.053022;31442.37;
0.2;10;4096;3354962.00;4096.00;4096.00;21831.40;0.059842;0.711324;0.048659;34524.83;
0.2;11;4096;3354962.00;4096.00;4096.00;21842.03;0.057838;0.695182;0.045356;31266.77;
0.2;12;4096;3354962.00;4096.00;4096.00;21830.30;0.055937;0.676272;0.042356;31289.57;
0.2;13;4096;3354962.00;4096.00;4096.00;21822.97;0.054850;0.661287;0.040330;31199.50;
0.2;14;4096;3354962.00;4096.00;4096.00;21875.83;0.054407;0.652492;0.038435;31368.07;
0.2;15;4096;3354962.00;4096.00;4096.00;21844.07;0.052575;0.658727;0.038524;31212.53;
0.2;16;4096;3354962.00;4096.00;4096.00;21797.43;0.052998;0.695456;0.043383;33813.40;
0.2;17;4096;3354962.00;4096.00;4096.00;21820.27;0.050557;0.694845;0.042268;31323.63;
0.2;18;4096;3354962.00;4096.00;4096.00;21811.13;0.048861;0.692352;0.040797;31513.57;
0.2;19;4096;3354962.00;4096.00;4096.00;21780.40;0.047400;0.693080;0.039867;31350.17;
0.2;20;4096;3354962.00;4096.00;4096.00;21870.10;0.046073;0.690567;0.038859;32609.83;
0.2;21;4096;3354962.00;4096.00;4096.00;21826.43;0.044560;0.688076;0.037560;31766.17;
0.2;22;4096;3354962.00;4096.00;4096.00;21867.97;0.043469;0.689274;0.036850;31907.53;
0.2;23;4096;3354962.00;4096.00;4096.00;21802.97;0.041516;0.688279;0.035847;31831.30;
0.2;24;4096;3354962.00;4096.00;4096.00;21819.43;0.040777;0.685636;0.035111;31814.53;
0.2;25;4096;3354962.00;4096.00;4096.00;21808.60;0.039950;0.682924;0.034367;32270.37;
0.2;26;4096;3354962.00;4096.00;4096.00;21821.93;0.039231;0.682011;0.033544;35194.63;
0.2;27;4096;3354962.00;4096.00;4096.00;21762.50;0.039152;0.681316;0.032946;31665.87;
0.2;28;4096;3354962.00;4096.00;4096.00;21821.47;0.038310;0.676341;0.032126;31696.47;
0.2;29;4096;3354962.00;4096.00;4096.00;21817.00;0.037227;0.675001;0.031366;33033.10;
0.2;30;4096;3354962.00;4096.00;4096.00;21812.07;0.036491;0.672487;0.031294;32472.90;
0.2;31;4096;3354962.00;4096.00;4096.00;21818.13;0.036100;0.669996;0.030766;31768.37;
0.2;32;4096;3354962.00;4096.00;4096.00;21834.40;0.035224;0.667140;0.030089;33369.03;
0.2;33;4096;3354962.00;4096.00;4096.00;21857.80;0.034843;0.663151;0.029336;31870.53;
0.2;34;4096;3354962.00;4096.00;4096.00;21873.87;0.034568;0.662527;0.028866;31924.60;
0.2;35;4096;3354962.00;4096.00;4096.00;21804.97;0.033931;0.657520;0.028403;31920.50;
0.2;36;4096;3354962.00;4096.00;4096.00;21820.30;0.033558;0.654102;0.027971;32092.43;
0.2;37;4096;3354962.00;4096.00;4096.00;21815.13;0.033283;0.648425;0.027246;32000.67;
0.2;38;4096;3354962.00;4096.00;4096.00;21865.53;0.033183;0.648268;0.026926;33465.20;
0.2;39;4096;3354962.00;4096.00;4096.00;21760.70;0.032335;0.645032;0.026701;32070.73;
0.2;40;4096;3354962.00;4096.00;4096.00;21863.10;0.031769;0.640998;0.026218;32009.47;
0.2;41;4096;3354962.00;4096.00;4096.00;21851.37;0.031930;0.636610;0.025653;32691.63;
0.2;42;4096;3354962.00;4096.00;4096.00;21857.07;0.031349;0.632981;0.025405;32053.00;
0.2;43;4096;3354962.00;4096.00;4096.00;21807.93;0.031893;0.629841;0.025016;34759.60;
0.2;44;4096;3354962.00;4096.00;4096.00;21802.87;0.030912;0.627124;0.024479;32565.70;
0.2;45;4096;3354962.00;4096.00;4096.00;21826.03;0.030598;0.625823;0.024465;32663.73;
0.2;46;4096;3354962.00;4096.00;4096.00;21860.00;0.030713;0.622685;0.024096;33444.10;
0.2;47;4096;3354962.00;4096.00;4096.00;21806.30;0.030458;0.617525;0.023781;33501.33;
0.2;48;4096;3354962.00;4096.00;4096.00;21893.77;0.029708;0.615348;0.023888;32171.70;
0.2;49;4096;3354962.00;4096.00;4096.00;21808.07;0.030193;0.613576;0.023321;32406.03;
0.2;50;4096;3354962.00;4096.00;4096.00;21816.20;0.029921;0.613836;0.023219;32195.53;
0.2;51;4096;3354962.00;4096.00;4096.00;21828.10;0.029173;0.615393;0.022763;34793.87;
0.2;52;4096;3354962.00;4096.00;4096.00;21854.20;0.029199;0.616013;0.022549;35466.43;
0.2;53;4096;3354962.00;4096.00;4096.00;21802.20;0.029724;0.613668;0.022274;32707.97;
0.2;54;4096;3354962.00;4096.00;4096.00;21771.43;0.028704;0.613785;0.022234;35465.03;
0.2;55;4096;3354962.00;4096.00;4096.00;21799.37;0.029005;0.616758;0.022151;32799.00;
0.2;56;4096;3354962.00;4096.00;4096.00;21831.20;0.029072;0.620452;0.022017;32488.00;
0.2;57;4096;3354962.00;4096.00;4096.00;21857.93;0.029255;0.621893;0.021825;32707.97;
0.2;58;4096;3354962.00;4096.00;4096.00;21817.77;0.029093;0.624704;0.021894;32528.13;
0.2;59;4096;3354962.00;4096.00;4096.00;21848.87;0.029027;0.630161;0.022001;32600.60;
0.2;60;4096;3354962.00;4096.00;4096.00;21809.80;0.028402;0.635088;0.022123;32590.03;
0.2;61;4096;3354962.00;4096.00;4096.00;21845.67;0.028122;0.641683;0.022390;33043.57;
0.2;62;4096;3354962.00;4096.00;4096.00;21769.27;0.028425;0.649409;0.022724;33313.57;
0.2;63;4096;3354962.00;4096.00;4096.00;21799.40;0.028269;0.657827;0.023391;32382.03;
0.2;64;4096;3354962.00;4096.00;4096.00;21843.83;0.028198;0.668083;0.024449;32378.63;
0.2;2;8192;13416779.00;8192.00;8192.00;50143.03;0.091319;0.575575;0.116923;119769.43;
0.2;3;8192;13416779.00;8192.00;8192.00;50170.03;0.082142;0.589060;0.101562;118595.23;
0.2;4;8192;13416779.00;8192.00;8192.00;50226.13;0.075333;0.566633;0.091686;117141.10;
0.2;5;8192;13416779.00;8192.00;8192.00;50154.47;0.070382;0.591935;0.085545;116983.03;
0.2;6;8192;13416779.00;8192.00;8192.00;50129.83;0.067980;0.544449;0.084383;124853.37;
0.2;7;8192;13416779.00;8192.00;8192.00;50211.30;0.063210;0.587818;0.080101;117825.67;
0.2;8;8192;13416779.00;8192.00;8192.00;50187.67;0.060088;0.542924;0.071205;117690.97;
0.2;9;8192;13416779.00;8192.00;8192.00;50236.57;0.059166;0.504795;0.068280;123380.23;
0.2;10;8192;13416779.00;8192.00;8192.00;50225.80;0.057537;0.538345;0.073571;117509.80;
0.2;11;8192;13416779.00;8192.00;8192.00;50192.47;0.053752;0.540455;0.071203;117782.10;
0.2;12;8192;13416779.00;8192.00;8192.00;50236.30;0.051534;0.555338;0.068518;117778.50;
0.2;13;8192;13416779.00;8192.00;8192.00;50150.47;0.049835;0.564687;0.065562;116903.03;
0.2;14;8192;13416779.00;8192.00;8192.00;50182.00;0.048178;0.564720;0.062853;116856.30;
0.2;15;8192;13416779.00;8192.00;8192.00;50169.33;0.047097;0.542958;0.059734;116961.97;
0.2;16;8192;13416779.00;8192.00;8192.00;50199.77;0.046022;0.511657;0.057014;118022.60;
0.2;17;8192;13416779.00;8192.00;8192.00;50127.53;0.045320;0.488644;0.055002;117881.40;
0.2;18;8192;13416779.00;8192.00;8192.00;50161.23;0.044903;0.471696;0.053018;116862.00;
0.2;19;8192;13416779.00;8192.00;8192.00;50199.93;0.044479;0.465981;0.052086;116915.63;
0.2;20;8192;13416779.00;8192.00;8192.00;50114.43;0.044606;0.485967;0.055005;116970.33;
0.2;21;8192;13416779.00;8192.00;8192.00;50194.30;0.043084;0.496624;0.055740;116956.20;
0.2;22;8192;13416779.00;8192.00;8192.00;50208.10;0.041764;0.500485;0.054726;123575.93;
0.2;23;8192;13416779.00;8192.00;8192.00;50107.90;0.040479;0.508394;0.053786;117221.00;
0.2;24;8192;13416779.00;8192.00;8192.00;50153.93;0.039690;0.513154;0.053057;118206.03;
0.2;25;8192;13416779.00;8192.00;8192.00;50226.20;0.038858;0.518219;0.052486;117316.80;
0.2;26;8192;13416779.00;8192.00;8192.00;50169.33;0.037470;0.517486;0.051863;118413.03;
0.2;27;8192;13416779.00;8192.00;8192.00;50154.10;0.036332;0.519575;0.051338;118563.27;
0.2;28;8192;13416779.00;8192.00;8192.00;50100.30;0.035489;0.521437;0.050710;118658.13;
0.2;29;8192;13416779.00;8192.00;8192.00;50149.87;0.034962;0.523867;0.049870;117617.20;
0.2;30;8192;13416779.00;8192.00;8192.00;50233.77;0.034034;0.523976;0.050139;117773.43;
0.2;31;8192;13416779.00;8192.00;8192.00;50159.87;0.033750;0.525953;0.049163;117952.67;
0.2;32;8192;13416779.00;8192.00;8192.00;50168.90;0.032613;0.528851;0.049098;117995.57;
0.2;33;8192;13416779.00;8192.00;8192.00;50204.93;0.032381;0.530756;0.048672;118041.63;
0.2;34;8192;13416779.00;8192.00;8192.00;50145.77;0.032051;0.532411;0.048413;118348.37;
0.2;35;8192;13416779.00;8192.00;8192.00;50206.90;0.031169;0.534587;0.048430;119217.23;
0.2;36;8192;13416779.00;8192.00;8192.00;50132.13;0.030813;0.532743;0.048038;118370.63;
0.2;37;8192;13416779.00;8192.00;8192.00;50203.20;0.030320;0.531959;0.047871;122261.10;
0.2;38;8192;13416779.00;8192.00;8192.00;50136.53;0.029989;0.532183;0.047343;118312.60;
0.2;39;8192;13416779.00;8192.00;8192.00;50114.17;0.029631;0.533870;0.046705;119455.07;
0.2;40;8192;13416779.00;8192.00;8192.00;50124.30;0.029312;0.538002;0.046884;127125.47;
0.2;41;8192;13416779.00;8192.00;8192.00;50172.13;0.028509;0.539444;0.046422;118594.63;
0.2;42;8192;13416779.00;8192.00;8192.00;50156.47;0.028437;0.541748;0.046489;119612.17;
0.2;43;8192;13416779.00;8192.00;8192.00;50167.50;0.027786;0.542501;0.045573;119759.93;
0.2;44;8192;13416779.00;8192.00;8192.00;50157.63;0.027713;0.546910;0.045466;124377.53;
0.2;45;8192;13416779.00;8192.00;8192.00;50220.40;0.027142;0.548836;0.045537;119950.73;
0.2;46;8192;13416779.00;8192.00;8192.00;50197.83;0.027295;0.550144;0.045139;119045.30;
0.2;47;8192;13416779.00;8192.00;8192.00;50215.17;0.026978;0.550207;0.044284;119039.17;
0.2;48;8192;13416779.00;8192.00;8192.00;50176.60;0.026538;0.551076;0.044697;119141.17;
0.2;49;8192;13416779.00;8192.00;8192.00;50154.70;0.026270;0.550933;0.044266;119288.13;
0.2;50;8192;13416779.00;8192.00;8192.00;50136.80;0.025941;0.549915;0.044053;120239.10;
0.2;51;8192;13416779.00;8192.00;8192.00;50179.60;0.025652;0.550657;0.043932;119315.83;
0.2;52;8192;13416779.00;8192.00;8192.00;50175.10;0.025439;0.551024;0.043607;120367.03;
0.2;53;8192;13416779.00;8192.00;8192.00;50110.70;0.025269;0.548657;0.043030;125534.60;
0.2;54;8192;13416779.00;8192.00;8192.00;50105.87;0.024788;0.544469;0.042779;119405.20;
0.2;55;8192;13416779.00;8192.00;8192.00;50109.77;0.024951;0.541257;0.042173;120430.27;
0.2;56;8192;13416779.00;8192.00;8192.00;50186.23;0.024827;0.536569;0.042035;120456.53;
0.2;57;8192;13416779.00;8192.00;8192.00;50164.43;0.025071;0.532462;0.041039;126404.53;
0.2;58;8192;13416779.00;8192.00;8192.00;50150.00;0.024308;0.527793;0.040615;125590.27;
0.2;59;8192;13416779.00;8192.00;8192.00;50131.60;0.024398;0.521825;0.040025;120536.90;
0.2;60;8192;13416779.00;8192.00;8192.00;50134.90;0.023663;0.517603;0.039233;119471.10;
0.2;61;8192;13416779.00;8192.00;8192.00;50188.07;0.023816;0.513753;0.038658;126659.37;
0.2;62;8192;13416779.00;8192.00;8192.00;50130.73;0.023474;0.507911;0.038257;119531.73;
0.2;63;8192;13416779.00;8192.00;8192.00;50126.03;0.024027;0.502914;0.037876;119679.07;
0.2;64;8192;13416779.00;8192.00;8192.00;50148.87;0.023239;0.498060;0.037632;120659.27;
